<?xml version="1.0" encoding="iso-8859-1"?>
<livre titre="Mon livre">
<auteurs>
<auteur nom="Brillant" prenom="Alexandre"/>
<auteur nom="Briand" prenom="Aristide"/>
</auteurs>
<sections>
<section titre="Section 1">
<chapitre titre="Chapitre 1">
<paragraphe>Premier paragraphe</paragraphe>
<paragraphe>Deuxième paragraphe</paragraphe>
</chapitre>
<chapitre titre="Chapitre 2">
<paragraphe>Premier paragraphe</paragraphe>
<paragraphe>Deuxième paragraphe</paragraphe>
</chapitre>
</section>
<section titre="Section 2">
<chapitre titre="Chapitre1">
<paragraphe>Premier paragraphe</paragraphe>
<paragraphe>Deuxieme paragraphe</paragraphe>
</chapitre>
<chapitre titre="Chapitre 2">
<paragraphe>Premier paragraphe</paragraphe>
<paragraphe>Deuxième paragraphe</paragraphe>
</chapitre>
</section>
</sections>
</livre>
